649792d46ae61f7ade49d5ab,Ciudad Vieja,Montevideo
649792d46ae61f7ade49d5ac,Centro,Montevideo
649792d46ae61f7ade49d5ad,Cordon,Montevideo
649792d46ae61f7ade49d5ae,Palermo,Montevideo
649792d46ae61f7ade49d5af,Parque Rodo,Montevideo
649792d46ae61f7ade49d5b0,Punta Carretas,Montevideo
649792d46ae61f7ade49d5b1,Pocitos,Montevideo
649792d46ae61f7ade49d5b2,Buceo,Montevideo
649792d46ae61f7ade49d5b3,Malvin,Montevideo
649792d46ae61f7ade49d5b4,Malvin Norte,Montevideo
649792d46ae61f7ade49d5b5,Carrasco,Montevideo
649792d46ae61f7ade49d5b6,Carrasco Norte,Montevideo
649792d46ae61f7ade49d5b7,Carrasco Este,Montevideo
649792d46ae61f7ade49d5b8,Punta Gorda,Montevideo
649792d46ae61f7ade49d5b9,Banados de Carrasco,Montevideo
649792d46ae61f7ade49d5ba,Bella Vista,Montevideo
649792d46ae61f7ade49d5bb,Prado,Montevideo
649792d46ae61f7ade49d5bc,La Teja,Montevideo
649792d46ae61f7ade49d5bd,Paso Molino,Montevideo
649792d46ae61f7ade49d5be,Piedras Blancas,Montevideo
649792d46ae61f7ade49d5bf,Sayago,Montevideo
649792d46ae61f7ade49d5c0,Conciliacion,Montevideo
649792d46ae61f7ade49d5c1,Penarol,Montevideo
649792d46ae61f7ade49d5c2,Cerro,Montevideo
649792d46ae61f7ade49d5c3,Casabo,Montevideo
649792d46ae61f7ade49d5c4,Colon,Montevideo
649792d46ae61f7ade49d5c5,Manga,Montevideo
649792d46ae61f7ade49d5c6,Villa Espanola,Montevideo
649792d46ae61f7ade49d5c7,Flor de Maronas,Montevideo
649792d46ae61f7ade49d5c8,Maronas,Montevideo
649792d46ae61f7ade49d5c9,San Jose de Mayo,San Jose
649792d46ae61f7ade49d5ca,Ciudad del Plata,San Jose
649792d46ae61f7ade49d5cb,Libertad,San Jose
649792d46ae61f7ade49d5cc,Rodriguez,San Jose
649792d46ae61f7ade49d5cd,Ecilda Paullier,San Jose
649792d46ae61f7ade49d5ce,Puntas de Valdez,San Jose
649792d46ae61f7ade49d5cf,Villa Rodriguez,San Jose
649792d46ae61f7ade49d5d0,Playa Pascual,San Jose
649792d46ae61f7ade49d5d1,Capurro,San Jose
649792d46ae61f7ade49d5d2,Mal Abrigo,San Jose
649792d46ae61f7ade49d5d3,Ituzaingo,San Jose
649792d46ae61f7ade49d5d4,Rafael Perazza,San Jose
649792d46ae61f7ade49d5d5,Santa Monica,San Jose
649792d46ae61f7ade49d5d6,Kiyu-Ordeig,San Jose
649792d46ae61f7ade49d5d7,Carreta Quemada,San Jose
649792d46ae61f7ade49d5d8,Raigon,San Jose
649792d46ae61f7ade49d5d9,Colonia Wilson,San Jose
649792d46ae61f7ade49d5da,Pueblo Nuevo,San Jose
649792d46ae61f7ade49d5db,Juan Soler,San Jose
649792d46ae61f7ade49d5dc,Chamizo,San Jose
